{"cameraMode":{"drawMode":0,"name":"Shaded","section":"Shading Mode"},"sceneLighting":false,"audioPlay":false,"sceneViewState":{"showFog":true,"showMaterialUpdate":false,"showSkybox":false,"showFlares":true,"showImageEffects":true,"showParticleSystems":true},"in2DMode":false,"pivot":{"x":-4.76837158203125e-7,"y":-0.27829694747924807,"z":-0.2934417724609375},"rotation":{"x":-0.45774218440055849,"y":0.1898401826620102,"z":-0.10073121637105942,"w":-0.8627263903617859},"size":22.57265853881836,"orthographic":false}