{"cameraMode":{"drawMode":0,"name":"Shaded","section":"Shading Mode"},"sceneLighting":true,"audioPlay":false,"sceneViewState":{"showFog":true,"showMaterialUpdate":false,"showSkybox":true,"showFlares":true,"showImageEffects":true,"showParticleSystems":true},"in2DMode":false,"pivot":{"x":-5.960464477539063e-7,"y":-0.048574961721897128,"z":-0.16704094409942628},"rotation":{"x":-0.3015514314174652,"y":-0.25416135787963869,"z":0.08374997973442078,"w":-0.9151372313499451},"size":20.781179428100587,"orthographic":false}